Emp ID,Name Prefix,First Name,Middle Initial,Last Name,Gender,E Mail,Father's Name,Mother's Name,Mother's Maiden Name,Date of Birth,Date of Joining,Salary,SSN,Phone No. ,City,State,Zip
677509,Drs.,Lois,H,Walker,F,lois.walker@hotmail.com,Donald Walker,Helen Walker,Lewis,3/29/1981,11/24/2003,168251,467-99-4677,303-572-8492,Denver,CO,80224
940761,Ms.,Brenda,S,Robinson,F,brenda.robinson@gmail.com,Raymond Robinson,Judy Robinson,Perry,7/31/1970,7/27/2008,51063,537-71-4566,225-945-4954,Stonewall,LA,71078
428945,Dr.,Joe,W,Robinson,M,joe.robinson@gmail.com,Scott Robinson,Stephanie Robinson,Taylor,6/16/1963,8/3/2016,50155,025-92-3584,219-904-2161,Michigantown,IN,46057
408351,Drs.,Diane,I,Evans,F,diane.evans@yahoo.com,Jason Evans,Michelle Evans,Allen,12/4/1977,4/16/1999,180294,314-35-9851,215-793-6791,Hydetown,PA,16328
193819,Mr.,Benjamin,R,Russell,M,benjamin.russell@charter.net,Gregory Russell,Elizabeth Russell,Nelson,4/17/1977,7/25/2013,117642,121-98-7248,262-404-2252,Fremont,WI,54940
499687,Mr.,Patrick,F,Bailey,M,patrick.bailey@aol.com,Ralph Bailey,Laura Bailey,Henderson,9/27/1982,7/22/2005,72305,439-99-7721,319-812-6957,Macksburg,IA,50155
539712,Ms.,Nancy,T,Baker,F,nancy.baker@bp.com,Scott Baker,Judy Baker,Thomas,6/13/1995,9/14/2016,98189,641-29-2071,229-336-5117,Atlanta,GA,30334
380086,Mrs.,Carol,V,Murphy,F,carol.murphy@gmail.com,Eugene Murphy,Katherine Murphy,Peterson,6/30/1958,1/28/1983,60918,423-67-7023,216-336-0009,Blanchester,OH,45107
477616,Hon.,Frances,B,Young,F,frances.young@gmail.com,Fred Young,Lillian Young,Diaz,6/9/1959,4/27/1994,121587,028-92-8912,210-819-9765,Delmita,TX,78536
162402,Hon.,Diana,T,Peterson,F,diana.peterson@hotmail.co.uk,Jonathan Peterson,Christina Peterson,Ross,11/13/1987,2/17/2014,43010,512-33-6767,479-783-5656,Eureka Springs,AR,72632
231469,Mr.,Ralph,L,Flores,M,ralph.flores@yahoo.com,Terry Flores,Michelle Flores,Moore,2/5/1975,4/14/2009,118457,302-15-0130,316-280-2864,Sabetha,KS,66534
153989,Prof.,Jack,C,Alexander,M,jack.alexander@gmail.com,Samuel Alexander,Sharon Alexander,Walker,5/19/1995,1/5/2017,82965,428-99-9413,702-603-3769,Las Vegas,NV,89170
386158,Mrs.,Melissa,Q,King,F,melissa.king@comcast.net,Philip King,Maria King,White,2/24/1972,11/24/2015,166892,277-17-9106,216-605-3731,New Matamoras,OH,45767
301576,Hon.,Wayne,G,Watson,M,wayne.watson@gmail.com,Ronald Watson,Margaret Watson,Hayes,6/26/1996,7/19/2017,92758,011-94-6649,701-231-9370,Maida,ND,58255
441771,Mrs.,Cheryl,O,Scott,F,cheryl.scott@gmail.com,Richard Scott,Lois Scott,Watson,2/23/1958,11/26/1990,92220,596-94-2279,215-288-9345,Quecreek,PA,15555
528509,Hon.,Paula,G,Diaz,F,paula.diaz@gmail.com,Alan Diaz,Kathryn Diaz,Powell,8/22/1966,8/22/1994,152654,234-57-7671,252-531-7641,Beulaville,NC,28518
912990,Mr.,Joshua,T,Stewart,M,joshua.stewart@yahoo.ca,Todd Stewart,Martha Stewart,Jones,5/18/1970,9/2/2002,184896,755-07-3676,217-279-9342,New Douglas,IL,62074
214352,Ms.,Theresa,G,Lee,F,theresa.lee@gmail.com,John Lee,Rebecca Lee,Turner,12/5/1992,1/19/2015,197537,055-02-9969,319-553-8919,Toeterville,IA,50481
890290,Hon.,Julia,S,Scott,F,julia.scott@apple.com,Lawrence Scott,Amy Scott,King,7/15/1959,2/23/2005,141518,251-99-1941,423-939-1010,Primm Springs,TN,38476
622406,Mr.,Thomas,Q,Lewis,M,thomas.lewis@gmail.com,Ryan Lewis,Lois Lewis,Price,10/4/1967,6/7/1998,73862,467-99-2604,314-679-3697,Dutchtown,MO,63745
979607,Ms.,Carol,J,Edwards,F,carol.edwards@msn.com,Shawn Edwards,Susan Edwards,Gray,12/14/1994,4/25/2016,93967,316-35-9870,225-283-4295,Shreveport,LA,71162
969580,Prof.,Matthew,L,Turner,M,matthew.turner@gmail.com,Jose Turner,Kathy Turner,Cox,10/26/1993,2/7/2016,52237,598-92-1988,236-972-7624,Heathsville,VA,22473
426038,Hon.,Joan,C,Stewart,F,joan.stewart@yahoo.com,Charles Stewart,Julia Stewart,Collins,11/20/1972,12/30/2009,111673,429-99-6443,216-637-6800,Middleport,OH,45760
388642,Mrs.,Ruby,R,Rogers,F,ruby.rogers@gmail.com,Ronald Rogers,Teresa Rogers,Alexander,5/1/1980,8/30/2013,160623,236-55-0172,423-231-6507,Woodbury,TN,37190
560455,Ms.,Carolyn,V,Hayes,F,carolyn.hayes@hotmail.co.uk,Jimmy Hayes,Sara Hayes,Foster,3/10/1958,7/3/2001,42005,730-28-1350,239-882-8784,Saint Cloud,FL,34771
477253,Mrs.,Anne,L,Russell,F,anne.russell@ibm.com,Jimmy Russell,Stephanie Russell,Richardson,7/29/1989,11/24/2013,103160,456-99-5619,605-635-1306,Stockholm,SD,57264
263480,Hon.,Daniel,K,Cooper,M,daniel.cooper@yahoo.com,Louis Cooper,Julie Cooper,Murphy,1/1/1990,3/6/2014,153790,181-86-2024,701-510-8162,Manning,ND,58642
683826,Mr.,Roger,L,Roberts,M,roger.roberts@gmail.com,Antonio Roberts,Katherine Roberts,Brooks,7/7/1969,1/29/2009,129625,120-98-6493,206-497-3141,Mount Vernon,WA,98273
474599,Drs.,Maria,W,Walker,F,maria.walker@microsoft.com,Ralph Walker,Teresa Walker,Brooks,3/19/1975,10/1/1998,48944,447-27-3175,423-668-5506,Lawrenceburg,TN,38464
335732,Ms.,Brenda,M,Butler,F,brenda.butler@gmail.com,Phillip Butler,Joyce Butler,Thomas,12/6/1963,8/20/1987,60508,282-15-6434,480-814-8284,Mesa,AZ,85208
329752,Hon.,Lillian,X,Brown,F,lillian.brown@aol.com,Gary Brown,Virginia Brown,Wood,5/12/1981,4/13/2015,67251,249-99-8821,239-812-9041,Panacea,FL,32346
893212,Ms.,Amy,B,Howard,F,amy.howard@aol.com,James Howard,Virginia Howard,Collins,6/16/1981,6/1/2003,112715,686-24-2843,803-613-3168,Kline,SC,29814
621833,Mr.,Gregory,X,Edwards,M,gregory.edwards@outlook.com,Jose Edwards,Helen Edwards,Howard,8/31/1993,9/30/2015,169245,010-94-6817,503-256-9654,Bonanza,OR,97623
456747,Mr.,Roy,Z,Griffin,M,roy.griffin@yahoo.com,Benjamin Griffin,Wanda Griffin,Simmons,5/8/1991,8/23/2012,170895,358-08-7660,219-506-9378,Liberty,IN,47353
278556,Prof.,Richard,Y,Mitchell,M,richard.mitchell@verizon.net,Peter Mitchell,Andrea Mitchell,Flores,7/28/1993,8/18/2016,122226,013-94-5886,205-621-5884,Ohatchee,AL,36271
333476,Hon.,Mary,P,Wilson,F,mary.wilson@sbcglobal.net,Robert Wilson,Jennifer Wilson,Patterson,12/1/1967,12/22/1991,109394,198-84-0652,423-937-8660,Nashville,TN,37219
218791,Mr.,Aaron,N,Price,M,aaron.price@bp.com,Michael Price,Diana Price,Torres,2/10/1969,7/3/1997,54402,491-29-5152,219-287-8926,Eckerty,IN,47116
134841,Ms.,Donna,R,Brown,F,donna.brown@aol.com,Adam Brown,Irene Brown,James,9/14/1983,7/17/2013,129836,544-81-5182,212-434-7910,Lima,NY,14485
726264,Hon.,Carl,N,Collins,M,carl.collins@yahoo.com,Gerald Collins,Phyllis Collins,Rodriguez,12/22/1973,6/9/2007,162159,544-81-6171,479-740-7633,Wright,AR,72182
766610,Ms.,Joyce,E,Jenkins,F,joyce.jenkins@aol.com,Edward Jenkins,Susan Jenkins,Hayes,8/22/1961,5/14/2010,119321,695-16-6506,262-455-4187,Ellsworth,WI,54011
923947,Ms.,Mary,G,Bryant,F,mary.bryant@verizon.net,Joshua Bryant,Norma Bryant,Harris,6/21/1962,5/20/2004,155442,491-29-7461,319-827-3516,Conroy,IA,52220
227922,Hon.,Amanda,M,Hughes,F,amanda.hughes@rediffmail.com,Roy Hughes,Cynthia Hughes,Bryant,7/29/1982,4/19/2007,114257,311-35-2540,225-544-9700,Lake Charles,LA,70605
265813,Hon.,Jack,E,Campbell,M,jack.campbell@gmail.com,Philip Campbell,Wanda Campbell,Watson,1/4/1985,7/29/2007,186280,047-15-1537,316-499-5737,Kalvesta,KS,67856
247137,Mr.,Alan,E,Rivera,M,alan.rivera@apple.com,Bobby Rivera,Jennifer Rivera,Jackson,12/11/1978,6/7/2006,154810,399-31-7149,423-277-6819,Knoxville,TN,37901
407061,Ms.,Elizabeth,Q,Jackson,F,elizabeth.jackson@aol.com,Scott Jackson,Catherine Jackson,Jackson,8/15/1964,1/19/2005,85420,660-24-4434,603-568-6118,Rochester,NH,3867
226714,Drs.,Nancy,L,Davis,F,nancy.davis@ibm.com,Bruce Davis,Jessica Davis,Moore,11/14/1983,8/25/2012,94986,224-99-5928,219-610-3067,Bowling Green,IN,47833
702813,Mr.,Ernest,D,Martinez,M,ernest.martinez@gmail.com,Ryan Martinez,Beverly Martinez,Hill,11/9/1989,1/24/2016,172098,672-48-7749,479-951-4138,Uniontown,AR,72955
524896,Ms.,Judy,Y,Hernandez,F,judy.hernandez@gmail.com,Fred Hernandez,Pamela Hernandez,Evans,3/25/1961,12/27/2011,133332,534-71-4481,316-736-6126,Topeka,KS,66606
363065,Drs.,Nancy,L,Jones,F,nancy.jones@gmail.com,Eugene Jones,Sandra Jones,Jenkins,11/10/1993,10/16/2015,61924,681-24-3165,212-825-1930,New York City,NY,10087
879753,Mrs.,Pamela,X,Wright,F,pamela.wright@aol.com,Terry Wright,Debra Wright,Williams,4/14/1996,6/9/2017,149262,459-99-9201,307-329-8832,Banner,WY,82832
958326,Mr.,Larry,T,Miller,M,larry.miller@shell.com,Russell Miller,Mildred Miller,Ward,10/31/1988,2/22/2017,97904,207-84-9482,217-574-9283,East Saint Louis,IL,62201
447813,Mrs.,Ann,Q,Coleman,F,ann.coleman@ibm.com,Harold Coleman,Tina Coleman,Walker,5/11/1989,11/19/2013,130014,027-92-0557,319-994-4179,Hancock,IA,51536
525955,Drs.,Judy,C,Gonzales,F,judy.gonzales@gmail.com,Kevin Gonzales,Sharon Gonzales,Perez,6/17/1959,1/3/1992,149575,029-92-2155,201-640-8645,Eatontown,NJ,7724
818384,Mr.,Peter,X,Washington,M,peter.washington@bp.com,Douglas Washington,Jean Washington,Henderson,11/6/1982,11/29/2009,173226,039-74-8867,231-322-0316,Portage,MI,49024
971640,Prof.,Clarence,A,Ross,M,clarence.ross@apple.com,Arthur Ross,Louise Ross,Washington,12/13/1960,12/31/2008,165272,372-37-5315,423-772-0118,Oneida,TN,37841
253573,Ms.,Sharon,E,Lopez,F,sharon.lopez@gmail.com,Daniel Lopez,Susan Lopez,Hayes,5/4/1991,3/7/2014,190139,064-02-2589,304-934-5548,Bartley,WV,24813
904898,Drs.,Ann,Q,Cooper,F,ann.cooper@exxonmobil.com,Harold Cooper,Mildred Cooper,Williams,12/25/1992,2/15/2017,182521,219-89-6310,406-278-6460,Arlee,MT,59821
515103,Ms.,Anne,A,Perez,F,anne.perez@sbcglobal.net,Douglas Perez,Doris Perez,Bailey,5/5/1958,7/28/2003,114426,594-99-9091,423-837-3338,Cookeville,TN,38505
491943,Mrs.,Nancy,P,Howard,F,nancy.howard@gmail.com,Gregory Howard,Mildred Howard,Flores,5/5/1961,2/6/1999,101553,035-74-2732,236-973-8086,Saxe,VA,23967
750173,Mr.,Antonio,R,Roberts,M,antonio.roberts@hotmail.com,Timothy Roberts,Diana Roberts,Rodriguez,8/27/1995,5/1/2017,181646,281-15-7944,205-267-7304,Mc Calla,AL,35111
687017,Ms.,Frances,P,Watson,F,frances.watson@outlook.com,Adam Watson,Diana Watson,Jones,1/30/1961,8/20/2010,46945,305-37-1946,406-530-8069,Trego,MT,59934
241882,Ms.,Debra,G,Wood,F,debra.wood@hotmail.com,Martin Wood,Theresa Wood,Perry,10/30/1969,1/10/1991,84318,342-11-6695,308-646-6219,Blair,NE,68009
758872,Mr.,Henry,Y,Jenkins,M,henry.jenkins@hotmail.com,Albert Jenkins,Beverly Jenkins,Murphy,11/6/1984,6/21/2017,102384,499-29-3125,314-731-7135,Riverside,MO,64150
940922,Hon.,Melissa,X,Butler,F,melissa.butler@hotmail.com,Robert Butler,Anne Butler,Jackson,11/14/1994,2/5/2017,167631,301-15-9149,308-827-9016,Maxwell,NE,69151
917937,Mr.,Todd,H,Hall,M,todd.hall@yahoo.com,Thomas Hall,Kathleen Hall,Morgan,8/31/1991,5/8/2016,163560,633-31-1781,240-513-8668,Randallstown,MD,21133
917395,Hon.,Christopher,D,Nelson,M,christopher.nelson@aol.com,Jeffrey Nelson,Cynthia Nelson,Sanders,3/29/1960,11/8/1997,190765,120-98-6155,480-946-9780,Willow Beach,AZ,86445
183071,Drs.,Andrea,P,Garcia,F,andrea.garcia@aol.com,Mark Garcia,Nicole Garcia,Howard,7/6/1985,4/18/2010,54179,213-91-6792,219-624-3708,Granger,IN,46530
316110,Mr.,Jeremy,I,Sanchez,M,jeremy.sanchez@hotmail.com,Albert Sanchez,Patricia Sanchez,Ross,2/5/1965,4/2/2006,178847,474-55-8883,423-974-2755,Alcoa,TN,37701
293459,Mr.,Steven,J,Phillips,M,steven.phillips@hotmail.com,Jason Phillips,Gloria Phillips,Lewis,9/12/1986,3/27/2015,90108,578-53-9940,225-968-5952,Baton Rouge,LA,70833
732017,Ms.,Cynthia,J,Ramirez,F,cynthia.ramirez@btinternet.com,Walter Ramirez,Evelyn Ramirez,Smith,9/22/1982,2/18/2009,90531,355-08-4606,406-961-7340,Browning,MT,59417
915638,Dr.,Jason,W,Anderson,M,jason.anderson@gmail.com,Brandon Anderson,Julia Anderson,Baker,1/3/1974,9/21/1999,76636,048-15-7937,217-856-6752,Hudson,IL,61748
478003,Hon.,Cynthia,X,White,F,cynthia.white@gmail.com,Nicholas White,Katherine White,Turner,6/15/1963,3/4/2004,186200,364-39-4983,314-593-3092,Kansas City,MO,64133
951225,Ms.,Margaret,N,Brooks,F,margaret.brooks@gmail.com,Johnny Brooks,Debra Brooks,Robinson,6/27/1992,8/26/2016,43867,057-02-6958,303-960-0117,Haswell,CO,81045
883936,Mr.,Douglas,I,Flores,M,douglas.flores@gmail.com,Justin Flores,Kathy Flores,Ramirez,4/21/1986,9/10/2009,181793,324-11-6837,303-836-4721,Eckert,CO,81418
528673,Hon.,Paul,V,Watson,M,paul.watson@hotmail.com,Carl Watson,Anna Watson,Bennett,3/9/1959,6/26/1995,145235,286-15-9671,270-556-7711,Blue River,KY,41607
765850,Mrs.,Linda,R,Moore,F,linda.moore@gmail.com,Howard Moore,Diana Moore,Smith,8/18/1991,5/15/2017,113256,286-15-5442,215-793-7095,Albion,PA,16401
262382,Ms.,Cheryl,O,Miller,F,cheryl.miller@ntlworld.com,Gerald Miller,Christine Miller,Mitchell,4/20/1985,7/30/2007,64143,287-15-4772,270-880-3858,Bays,KY,41310
870820,Ms.,Martha,G,Washington,F,martha.washington@aol.com,Todd Washington,Carolyn Washington,Reed,3/28/1991,3/3/2017,116629,416-67-0297,405-945-0242,Nardin,OK,74646
806955,Mr.,William,G,Hernandez,M,william.hernandez@rediffmail.com,Peter Hernandez,Deborah Hernandez,Jones,7/22/1967,3/21/2000,73734,629-31-9010,239-276-0532,Mary Esther,FL,32569
325319,Hon.,Carolyn,F,Price,F,carolyn.price@yahoo.com,Kevin Price,Patricia Price,Williams,5/30/1976,11/5/2014,48736,512-33-3410,217-409-4338,Wheaton,IL,60189
623253,Mrs.,Ruby,Q,Stewart,F,ruby.stewart@gmail.com,Paul Stewart,Paula Stewart,Jackson,10/23/1968,7/2/2017,174774,007-11-1727,218-445-2369,Margie,MN,56658
225925,Mr.,Paul,D,Cooper,M,paul.cooper@gmail.com,Nicholas Cooper,Helen Cooper,Hill,8/12/1991,9/8/2014,73526,613-87-0084,210-984-4722,Glidden,TX,78943
761821,Mr.,Ernest,G,Washington,M,ernest.washington@msn.com,Johnny Washington,Shirley Washington,Harris,10/28/1984,1/31/2015,176675,178-86-1878,212-596-1659,Saranac Lake,NY,12983
400173,Ms.,Dorothy,K,Edwards,F,dorothy.edwards@hotmail.co.uk,Dennis Edwards,Betty Edwards,Howard,1/19/1984,12/31/2013,179017,543-81-2192,215-902-6888,Philadelphia,PA,19132
802554,Mr.,Ryan,V,Alexander,M,ryan.alexander@shell.com,William Alexander,Elizabeth Alexander,Gray,8/1/1993,8/31/2014,106628,017-94-7572,225-395-3347,Jarreau,LA,70749
476433,Ms.,Lillian,N,Mitchell,F,lillian.mitchell@shaw.ca,Harry Mitchell,Marie Mitchell,Murphy,10/23/1974,12/7/1999,149878,505-59-3960,316-876-1484,Wichita,KS,67214
533952,Ms.,Kelly,R,Adams,F,kelly.adams@bp.com,Eric Adams,Janice Adams,Brooks,5/23/1975,7/4/2013,51878,474-55-8101,405-418-0037,Meno,OK,73760
623929,Prof.,Jimmy,R,Howard,M,jimmy.howard@yahoo.com,Nicholas Howard,Patricia Howard,Hayes,11/27/1966,12/12/2007,120631,610-87-0251,212-855-9316,Oriskany,NY,13424
844177,Ms.,Margaret,T,Allen,F,margaret.allen@gmail.com,Michael Allen,Karen Allen,Morris,9/8/1981,5/17/2013,180107,137-25-8468,216-697-6987,Richmond Dale,OH,45673
212893,Ms.,Janet,Y,Henderson,F,janet.henderson@ntlworld.com,Jerry Henderson,Julie Henderson,Cooper,12/24/1979,12/18/2012,114481,018-94-7340,239-769-6347,Miami,FL,33166
185032,Mr.,Eugene,D,Perez,M,eugene.perez@exxonmobil.com,Jimmy Perez,Lois Perez,Hall,10/6/1979,12/8/2014,122950,192-86-6418,262-472-7112,Racine,WI,53490
867084,Ms.,Deborah,E,Smith,F,deborah.smith@yahoo.com,Richard Smith,Diana Smith,Bennett,10/31/1977,3/4/2002,52767,173-86-6203,907-279-8694,Atqasuk,AK,99791
969964,Hon.,Janice,S,Parker,F,janice.parker@yahoo.com,Paul Parker,Alice Parker,Perez,1/12/1980,8/23/2016,147641,733-26-1976,314-842-5984,Whiteman Air Force Base,MO,65305
158666,Ms.,Rebecca,A,Stewart,F,rebecca.stewart@gmail.com,Roger Stewart,Carol Stewart,Cox,8/11/1961,4/10/1983,160043,202-84-8294,209-233-7631,Independence,CA,93526
489424,Dr.,Phillip,F,White,M,phillip.white@gmail.com,Harold White,Frances White,Carter,3/4/1978,1/5/2016,181774,447-27-9469,503-668-6592,Mapleton,OR,97453
639892,Mr.,Jose,K,Hill,M,jose.hill@hotmail.com,Carlos Hill,Anna Hill,Hayes,10/8/1994,7/9/2016,129774,171-86-3825,228-245-5000,Biloxi,MS,39532
704709,Dr.,Harold,Z,Nelson,M,harold.nelson@gmail.com,Richard Nelson,Pamela Nelson,Smith,12/24/1984,8/23/2011,156194,456-99-2066,217-555-9216,Carol Stream,IL,60351
461593,Ms.,Nicole,O,Ward,F,nicole.ward@yahoo.com,Ralph Ward,Julia Ward,Lee,12/12/1964,1/23/1989,95673,196-84-2551,231-761-7861,Detroit,MI,48278
392491,Mrs.,Theresa,R,Murphy,F,theresa.murphy@gmail.com,George Murphy,Jacqueline Murphy,Peterson,12/30/1987,8/3/2010,51015,249-99-8801,907-356-1555,Mc Grath,AK,99627
495141,Drs.,Tammy,B,Young,F,tammy.young@comcast.net,Andrew Young,Brenda Young,Robinson,3/22/1979,4/25/2015,93650,771-02-7046,231-290-3075,Alma,MI,48801
